<?xml version = '1.0' encoding = 'UTF-8'?>
<relationalModel class="oracle.dbtools.crest.model.design.relational.RelationalDesign" name="Relational_1" id="04D67222-AF75-48E3-7E65-E9F0D8AC3249" mainViewID="5C112B32-ED03-1773-E261-14EC188DD64B">
<createdBy>Sony_PC</createdBy>
<createdTime>2022-11-16 14:48:14 UTC</createdTime>
<ownerDesignName>schemat_log_rel_piekarnia</ownerDesignName>
<shouldBeOpen>false</shouldBeOpen>
<selectedRDBMSSite>32076570-2523-435C-2E92-BF29817DFF70</selectedRDBMSSite>
</relationalModel>