<?xml version = '1.0' encoding = 'UTF-8'?>
<Relation class="oracle.dbtools.crest.model.design.logical.Relation" name="Relation_1" directorySegmentName="seg_0" id="A41F766A-0D1F-EA82-0BEF-E30FCAFD16B8">
<createdBy>Sony_PC</createdBy>
<createdTime>2022-11-16 14:58:01 UTC</createdTime>
<ownerDesignName>schemat_log_piekarnia</ownerDesignName>
<engineerTo>
<item key="04D67222-AF75-48E3-7E65-E9F0D8AC3249" value="true"/>
</engineerTo>
<sourcePk>E571857C-44A1-6154-D4B3-BEDDA9BE1614</sourcePk>
<identifying>false</identifying>
<optionalSource>false</optionalSource>
<optionalTarget>false</optionalTarget>
<sourceCardinality>1</sourceCardinality>
<sourceEntity>CA5934EA-507F-894B-5B18-DDA4B1FC5979</sourceEntity>
<targetCardinalityString>*</targetCardinalityString>
<targetEntity>8B01609C-5776-10D0-D0A9-673EEB879852</targetEntity>
<transferable>true</transferable>
<deleteRule>NO ACTION</deleteRule>
</Relation>