<?xml version = '1.0' encoding = 'UTF-8'?>
<Relation class="oracle.dbtools.crest.model.design.logical.Relation" name="Relation_3" directorySegmentName="seg_0" id="DB566203-335E-0E7F-5946-5456E29E9AEB">
<createdBy>Sony_PC</createdBy>
<createdTime>2022-11-16 14:58:12 UTC</createdTime>
<ownerDesignName>schemat_log_piekarnia</ownerDesignName>
<engineerTo>
<item key="04D67222-AF75-48E3-7E65-E9F0D8AC3249" value="true"/>
</engineerTo>
<sourcePk>D163020C-2B76-704E-94BD-5E177EF174D9</sourcePk>
<identifying>false</identifying>
<optionalSource>false</optionalSource>
<optionalTarget>false</optionalTarget>
<sourceCardinality>1</sourceCardinality>
<sourceEntity>8B01609C-5776-10D0-D0A9-673EEB879852</sourceEntity>
<targetCardinalityString>*</targetCardinalityString>
<targetEntity>44F6BE32-C97C-545F-A94A-2B28D0128724</targetEntity>
<transferable>true</transferable>
<deleteRule>NO ACTION</deleteRule>
</Relation>