<?xml version = '1.0' encoding = 'UTF-8'?>
<Diagram class="oracle.dbtools.crest.swingui.relational.DPVRelational" name="Relational_1" id="5C112B32-ED03-1773-E261-14EC188DD64B">
<createdBy>Sony_PC</createdBy>
<modifiedBy>Sony_PC</modifiedBy>
<createdTime>2022-11-16 14:54:41 UTC</createdTime>
<autoRoute>false</autoRoute>
<boxInbox>true</boxInbox>
<showLegend>false</showLegend>
<showLabels>false</showLabels>
<showRelAttributes>false</showRelAttributes>
<gridEnabled>false</gridEnabled>
<showGrid>false</showGrid>
<diagramColor>-1</diagramColor>
<display>false</display>
<notation>1</notation>
<objectViews>
<OView class="oracle.dbtools.crest.swingui.relational.TVTable" oid="5B1460DD-BDB3-1BD1-5141-55D085BF354C" otype="Table" vid="01D8CFD4-CE5C-3DD8-9345-ABD2F32CAF50">
<hideElementsInCurrentOnly>false</hideElementsInCurrentOnly>
<bounds x="345" y="302" width="254" height="124"/>
</OView>
<OView class="oracle.dbtools.crest.swingui.relational.TVTable" oid="CBB76CE3-6E13-EB5A-6C60-7042179E01AC" otype="Table" vid="BA4DB335-B5F2-51A9-D9A4-ABDFC9B0A5C5">
<hideElementsInCurrentOnly>false</hideElementsInCurrentOnly>
<bounds x="677" y="314" width="457" height="106"/>
</OView>
<OView class="oracle.dbtools.crest.swingui.relational.TVTable" oid="F4D81405-7905-9170-FD01-DF49EBE37368" otype="Table" vid="8718C8D5-BD97-34EE-0A26-11784AAD0B38">
<hideElementsInCurrentOnly>false</hideElementsInCurrentOnly>
<bounds x="1206" y="308" width="189" height="104"/>
</OView>
<OView class="oracle.dbtools.crest.swingui.relational.TVTable" oid="FBA8F41A-747A-F895-DDF7-10884E29E9A6" otype="Table" vid="2B389A8D-4CF8-575B-9042-B2B75523442A">
<hideElementsInCurrentOnly>false</hideElementsInCurrentOnly>
<bounds x="77" y="79" width="166" height="88"/>
</OView>
<OView class="oracle.dbtools.crest.swingui.relational.TVTable" oid="FD6423F2-573F-84D1-CD96-252C2E8BA43B" otype="Table" vid="2C6FE454-B790-170E-F94F-1D3C888C7EB9">
<hideElementsInCurrentOnly>false</hideElementsInCurrentOnly>
<bounds x="340" y="77" width="199" height="157"/>
</OView>
</objectViews>
<connectors>
<Connector class="oracle.dbtools.crest.swingui.relational.TVFKRelation" oid="6F07D40C-6169-57EB-7FEE-AF72151CC140" otype="FKIndexAssociation" vid_source="01D8CFD4-CE5C-3DD8-9345-ABD2F32CAF50" vid_target="BA4DB335-B5F2-51A9-D9A4-ABDFC9B0A5C5">
<hideElementsInCurrentOnly>false</hideElementsInCurrentOnly>
<backgroundColor>-16777216</backgroundColor>
<lineWidth>1</lineWidth>
<points>
<point x="599" y="367"/>
<point x="677" y="367"/>
</points>
</Connector>
<Connector class="oracle.dbtools.crest.swingui.relational.TVFKRelation" oid="8C26DED4-4322-1871-05A9-5E822CBE41CE" otype="FKIndexAssociation" vid_source="2C6FE454-B790-170E-F94F-1D3C888C7EB9" vid_target="01D8CFD4-CE5C-3DD8-9345-ABD2F32CAF50">
<hideElementsInCurrentOnly>false</hideElementsInCurrentOnly>
<backgroundColor>-16777216</backgroundColor>
<lineWidth>1</lineWidth>
<points>
<point x="442" y="234"/>
<point x="442" y="302"/>
</points>
</Connector>
<Connector class="oracle.dbtools.crest.swingui.relational.TVFKRelation" oid="A12F0C68-818F-C288-4F4E-BB2616BE362F" otype="FKIndexAssociation" vid_source="8718C8D5-BD97-34EE-0A26-11784AAD0B38" vid_target="BA4DB335-B5F2-51A9-D9A4-ABDFC9B0A5C5">
<hideElementsInCurrentOnly>false</hideElementsInCurrentOnly>
<backgroundColor>-16777216</backgroundColor>
<lineWidth>1</lineWidth>
<points>
<point x="1206" y="363"/>
<point x="1134" y="363"/>
</points>
</Connector>
<Connector class="oracle.dbtools.crest.swingui.relational.TVFKRelation" oid="F0AA9AB1-C632-E711-B611-0A6E64843C40" otype="FKIndexAssociation" vid_source="2B389A8D-4CF8-575B-9042-B2B75523442A" vid_target="2C6FE454-B790-170E-F94F-1D3C888C7EB9">
<hideElementsInCurrentOnly>false</hideElementsInCurrentOnly>
<backgroundColor>-16777216</backgroundColor>
<lineWidth>1</lineWidth>
<points>
<point x="243" y="138"/>
<point x="340" y="138"/>
</points>
</Connector>
</connectors>
</Diagram>