<?xml version = '1.0' encoding = 'UTF-8'?>
<FKIndexAssociation class="oracle.dbtools.crest.model.design.relational.FKIndexAssociation" directorySegmentName="seg_0" id="6F07D40C-6169-57EB-7FEE-AF72151CC140" containerWithKeyObject="CBB76CE3-6E13-EB5A-6C60-7042179E01AC" localFKIndex="939996B6-D9C8-2EC1-B71B-55BD1E52C1E2" name="ZAMÓWIENIE_PRODUKTY(Asocjacyjna)_ZAMÓWIENIE_FK">
<createdBy>Sony_PC</createdBy>
<createdTime>2022-11-16 14:56:40 UTC</createdTime>
<generatorID>1A748526-40A4-27AC-82C7-BBCF18AF1A8B</generatorID>
<ownerDesignName>schemat_log_rel_piekarnia</ownerDesignName>
<referredTableLongName>ZAMÓWIENIE</referredTableLongName>
<deleteRule>NO ACTION</deleteRule>
<referredTableID>5B1460DD-BDB3-1BD1-5141-55D085BF354C</referredTableID>
<keyObject>E2DFF5BC-13F3-25AD-33D1-84657C861D4A</keyObject>
<referredKeyID>E2DFF5BC-13F3-25AD-33D1-84657C861D4A</referredKeyID>
<mandatory>true</mandatory>
<refColNames>Id_Zamówinie</refColNames>
<transferable>true</transferable>
<rely>false</rely>
<columnDependencyConstraintGenerateInDDL>true</columnDependencyConstraintGenerateInDDL>
</FKIndexAssociation>