<?xml version = '1.0' encoding = 'UTF-8'?>
<FKIndexAssociation class="oracle.dbtools.crest.model.design.relational.FKIndexAssociation" directorySegmentName="seg_0" id="8C26DED4-4322-1871-05A9-5E822CBE41CE" containerWithKeyObject="5B1460DD-BDB3-1BD1-5141-55D085BF354C" localFKIndex="2BD27017-DE98-0F10-08AF-ABB4885D4699" name="ZAMÓWIENIE_OSOBA_FK">
<createdBy>Sony_PC</createdBy>
<createdTime>2022-11-16 14:56:40 UTC</createdTime>
<generatorID>13EC08F7-C179-48F3-787D-479F95D138AF</generatorID>
<ownerDesignName>schemat_log_rel_piekarnia</ownerDesignName>
<referredTableLongName>OSOBA</referredTableLongName>
<deleteRule>NO ACTION</deleteRule>
<referredTableID>FD6423F2-573F-84D1-CD96-252C2E8BA43B</referredTableID>
<keyObject>037747C7-A1EE-3F7B-9B14-900C6B71F142</keyObject>
<referredKeyID>037747C7-A1EE-3F7B-9B14-900C6B71F142</referredKeyID>
<mandatory>true</mandatory>
<refColNames>Id_Osoba</refColNames>
<transferable>true</transferable>
<rely>false</rely>
<columnDependencyConstraintGenerateInDDL>true</columnDependencyConstraintGenerateInDDL>
</FKIndexAssociation>