<?xml version = '1.0' encoding = 'UTF-8'?>
<FKIndexAssociation class="oracle.dbtools.crest.model.design.relational.FKIndexAssociation" directorySegmentName="seg_0" id="A12F0C68-818F-C288-4F4E-BB2616BE362F" containerWithKeyObject="CBB76CE3-6E13-EB5A-6C60-7042179E01AC" localFKIndex="264278F7-8E3E-5DEB-7FC0-CE9E14B9C820" name="ZAMÓWIENIE_PRODUKTY(Asocjacyjna)_PRODUKTY_FK">
<createdBy>Sony_PC</createdBy>
<createdTime>2022-11-16 14:56:40 UTC</createdTime>
<generatorID>49B5979E-A176-CDC9-AC80-B72B30EEA0A3</generatorID>
<ownerDesignName>schemat_log_rel_piekarnia</ownerDesignName>
<referredTableLongName>PRODUKTY</referredTableLongName>
<deleteRule>NO ACTION</deleteRule>
<referredTableID>F4D81405-7905-9170-FD01-DF49EBE37368</referredTableID>
<keyObject>6D591FB7-561E-5506-0982-33853C6BA3E3</keyObject>
<referredKeyID>6D591FB7-561E-5506-0982-33853C6BA3E3</referredKeyID>
<mandatory>true</mandatory>
<refColNames>Id_Produkty</refColNames>
<transferable>true</transferable>
<rely>false</rely>
<columnDependencyConstraintGenerateInDDL>true</columnDependencyConstraintGenerateInDDL>
</FKIndexAssociation>