<?xml version = '1.0' encoding = 'UTF-8'?>
<FKIndexAssociation class="oracle.dbtools.crest.model.design.relational.FKIndexAssociation" directorySegmentName="seg_0" id="F0AA9AB1-C632-E711-B611-0A6E64843C40" containerWithKeyObject="FD6423F2-573F-84D1-CD96-252C2E8BA43B" localFKIndex="339B8785-A388-8C37-5D7E-301EA31F739E" name="OSOBA_ROLA_FK">
<createdBy>Sony_PC</createdBy>
<createdTime>2022-11-16 14:56:40 UTC</createdTime>
<generatorID>D163D08A-BA27-607E-3E77-C7A707A0C4E7</generatorID>
<ownerDesignName>schemat_log_rel_piekarnia</ownerDesignName>
<referredTableLongName>ROLA</referredTableLongName>
<deleteRule>NO ACTION</deleteRule>
<referredTableID>FBA8F41A-747A-F895-DDF7-10884E29E9A6</referredTableID>
<keyObject>824F459E-369E-58CF-08AB-7CB94B7510DE</keyObject>
<referredKeyID>824F459E-369E-58CF-08AB-7CB94B7510DE</referredKeyID>
<mandatory>true</mandatory>
<refColNames>Id_Rola</refColNames>
<transferable>true</transferable>
<rely>false</rely>
<columnDependencyConstraintGenerateInDDL>true</columnDependencyConstraintGenerateInDDL>
</FKIndexAssociation>