<?xml version = '1.0' encoding = 'UTF-8'?>
<Table class="oracle.dbtools.crest.model.design.relational.Table" directorySegmentName="seg_0" id="5B1460DD-BDB3-1BD1-5141-55D085BF354C" name="ZAMÓWIENIE">
<createdBy>Sony_PC</createdBy>
<createdTime>2022-11-16 14:56:40 UTC</createdTime>
<generatorID>44F6BE32-C97C-545F-A94A-2B28D0128724</generatorID>
<ownerDesignName>schemat_log_rel_piekarnia</ownerDesignName>
<abbreviation>ZAMÓWIENIE</abbreviation>
<allowColumnReorder>false</allowColumnReorder>
<existDependencyGenerateInDDl>true</existDependencyGenerateInDDl>
<parsed>true</parsed>
<columns itemClass="oracle.dbtools.crest.model.design.relational.Column">
<Column name="Id_Zamówinie" id="41CA8841-C747-7306-926E-E2C752C7A25C">
<createdBy>Sony_PC</createdBy>
<createdTime>2022-11-16 14:56:40 UTC</createdTime>
<generatorID>C20D7620-FC9D-6388-1137-1B87FE586721</generatorID>
<ownerDesignName>schemat_log_rel_piekarnia</ownerDesignName>
<use>0</use>
<logicalDatatype>LOGDT011</logicalDatatype>
<domain>EF15C2BF-2143-F46B-FA23-6A19082C0DD9</domain>
<ownDataTypeParameters>,,</ownDataTypeParameters>
<autoIncrementCycle>false</autoIncrementCycle>
</Column>
<Column name="data_zamówienia" id="848F6E43-554D-DFBE-BBC3-780516A03588">
<createdBy>Sony_PC</createdBy>
<createdTime>2022-11-16 14:56:40 UTC</createdTime>
<generatorID>62C0C190-8101-E8F4-91BD-80E08662F4B5</generatorID>
<ownerDesignName>schemat_log_rel_piekarnia</ownerDesignName>
<use>0</use>
<logicalDatatype>LOGDT011</logicalDatatype>
<domain>623F93B9-E92E-0B48-C121-B836AF4102C2</domain>
<ownDataTypeParameters>,,</ownDataTypeParameters>
<autoIncrementCycle>false</autoIncrementCycle>
</Column>
<Column name="kwota_podsumowanie" id="A6469080-6710-5B03-39FD-77DA619E91AA">
<createdBy>Sony_PC</createdBy>
<createdTime>2022-11-16 14:56:40 UTC</createdTime>
<generatorID>3D0CD15F-0193-92E7-7D23-9287DB5851AA</generatorID>
<ownerDesignName>schemat_log_rel_piekarnia</ownerDesignName>
<use>0</use>
<logicalDatatype>LOGDT011</logicalDatatype>
<domain>F6A85D87-8E3A-A5BD-2D98-64E9B619D9B6</domain>
<ownDataTypeParameters>,,</ownDataTypeParameters>
<autoIncrementCycle>false</autoIncrementCycle>
</Column>
<Column name="OSOBA_Id_Osoba" id="8EF4B787-98F2-A1A7-BF31-FA4BDFA0609D">
<createdBy>Sony_PC</createdBy>
<createdTime>2022-11-16 14:56:40 UTC</createdTime>
<generatorID>938AC9F7-7F47-3A4A-AFF9-4A3A4C84AA49</generatorID>
<ownerDesignName>schemat_log_rel_piekarnia</ownerDesignName>
<use>0</use>
<logicalDatatype>LOGDT011</logicalDatatype>
<domain>EF15C2BF-2143-F46B-FA23-6A19082C0DD9</domain>
<ownDataTypeParameters>,,</ownDataTypeParameters>
<previousColumn>false</previousColumn>
<autoIncrementCycle>false</autoIncrementCycle>
<associations>
<colAssociation fkAssociation="8C26DED4-4322-1871-05A9-5E822CBE41CE" referredColumn="7E5A62D6-C0FB-CD54-9113-F6DF53A61195"/>
</associations>
</Column>
</columns>
<indexes itemClass="oracle.dbtools.crest.model.design.relational.Index">
<ind_PK_UK id="E2DFF5BC-13F3-25AD-33D1-84657C861D4A" name="ZAMÓWIENIE_PK">
<createdBy>Sony_PC</createdBy>
<createdTime>2022-11-16 14:56:40 UTC</createdTime>
<generatorID>4AD441D1-0B34-F01E-EC29-E0B42826C9AD</generatorID>
<ownerDesignName>schemat_log_rel_piekarnia</ownerDesignName>
<pk>true</pk>
<indexState>Primary Constraint</indexState>
<isSurrogateKey>false</isSurrogateKey>
<indexColumnUsage>
<colUsage columnID="41CA8841-C747-7306-926E-E2C752C7A25C"/>
</indexColumnUsage>
</ind_PK_UK>
<ind_PK_UK id="2BD27017-DE98-0F10-08AF-ABB4885D4699" name="ZAMÓWIENIE_OSOBA_FK">
<createdBy>Sony_PC</createdBy>
<createdTime>2022-11-16 14:56:40 UTC</createdTime>
<generatorID>13EC08F7-C179-48F3-787D-479F95D138AF</generatorID>
<ownerDesignName>schemat_log_rel_piekarnia</ownerDesignName>
<indexState>Foreign Key</indexState>
<isSurrogateKey>false</isSurrogateKey>
<indexColumnUsage>
<colUsage columnID="8EF4B787-98F2-A1A7-BF31-FA4BDFA0609D"/>
</indexColumnUsage>
</ind_PK_UK>
</indexes>
</Table>