<?xml version = '1.0' encoding = 'UTF-8'?>
<Table class="oracle.dbtools.crest.model.design.relational.Table" directorySegmentName="seg_0" id="CBB76CE3-6E13-EB5A-6C60-7042179E01AC" name="ZAMÓWIENIE_PRODUKTY(Asocjacyjna)">
<createdBy>Sony_PC</createdBy>
<createdTime>2022-11-16 14:56:40 UTC</createdTime>
<generatorID>C410CD8E-6D43-AD8E-3570-49EA5D784CD6</generatorID>
<ownerDesignName>schemat_log_rel_piekarnia</ownerDesignName>
<abbreviation>ZAMÓWIENIE_PRODUKTY(Asocjacyjna)</abbreviation>
<allowColumnReorder>false</allowColumnReorder>
<existDependencyGenerateInDDl>true</existDependencyGenerateInDDl>
<parsed>true</parsed>
<columns itemClass="oracle.dbtools.crest.model.design.relational.Column">
<Column name="ilość" id="E6643939-A4C8-FFF9-DA94-D416D71C5CD1">
<createdBy>Sony_PC</createdBy>
<createdTime>2022-11-16 14:56:40 UTC</createdTime>
<generatorID>7C6B24E5-70CD-E12E-4C7E-7CA2AC10EB96</generatorID>
<ownerDesignName>schemat_log_rel_piekarnia</ownerDesignName>
<use>0</use>
<logicalDatatype>LOGDT011</logicalDatatype>
<domain>F6A85D87-8E3A-A5BD-2D98-64E9B619D9B6</domain>
<ownDataTypeParameters>,,</ownDataTypeParameters>
<autoIncrementCycle>false</autoIncrementCycle>
</Column>
<Column name="ZAMÓWIENIE_Id_Zamówinie" id="D22827F8-3904-4CC7-35CA-0FC9BED063AA">
<createdBy>Sony_PC</createdBy>
<createdTime>2022-11-16 14:56:40 UTC</createdTime>
<generatorID>F59EB063-1B59-7FE2-AE7B-C8071608DD6F</generatorID>
<ownerDesignName>schemat_log_rel_piekarnia</ownerDesignName>
<use>0</use>
<logicalDatatype>LOGDT011</logicalDatatype>
<domain>EF15C2BF-2143-F46B-FA23-6A19082C0DD9</domain>
<ownDataTypeParameters>,,</ownDataTypeParameters>
<previousColumn>false</previousColumn>
<autoIncrementCycle>false</autoIncrementCycle>
<associations>
<colAssociation fkAssociation="6F07D40C-6169-57EB-7FEE-AF72151CC140" referredColumn="41CA8841-C747-7306-926E-E2C752C7A25C"/>
</associations>
</Column>
<Column name="PRODUKTY_Id_Produkty" id="02D36419-27D7-FB5F-9EFE-6D4558A19333">
<createdBy>Sony_PC</createdBy>
<createdTime>2022-11-16 14:56:40 UTC</createdTime>
<generatorID>85B6B580-72E8-02A5-3166-E10456DACA27</generatorID>
<ownerDesignName>schemat_log_rel_piekarnia</ownerDesignName>
<use>0</use>
<logicalDatatype>LOGDT011</logicalDatatype>
<domain>EF15C2BF-2143-F46B-FA23-6A19082C0DD9</domain>
<ownDataTypeParameters>,,</ownDataTypeParameters>
<previousColumn>false</previousColumn>
<autoIncrementCycle>false</autoIncrementCycle>
<associations>
<colAssociation fkAssociation="A12F0C68-818F-C288-4F4E-BB2616BE362F" referredColumn="10C0FCE3-2B6C-D108-85E4-08C998F24316"/>
</associations>
</Column>
</columns>
<indexes itemClass="oracle.dbtools.crest.model.design.relational.Index">
<ind_PK_UK id="939996B6-D9C8-2EC1-B71B-55BD1E52C1E2" name="ZAMÓWIENIE_PRODUKTY(Asocjacyjna)_ZAMÓWIENIE_FK">
<createdBy>Sony_PC</createdBy>
<createdTime>2022-11-16 14:56:40 UTC</createdTime>
<generatorID>1A748526-40A4-27AC-82C7-BBCF18AF1A8B</generatorID>
<ownerDesignName>schemat_log_rel_piekarnia</ownerDesignName>
<indexState>Foreign Key</indexState>
<isSurrogateKey>false</isSurrogateKey>
<indexColumnUsage>
<colUsage columnID="D22827F8-3904-4CC7-35CA-0FC9BED063AA"/>
</indexColumnUsage>
</ind_PK_UK>
<ind_PK_UK id="264278F7-8E3E-5DEB-7FC0-CE9E14B9C820" name="ZAMÓWIENIE_PRODUKTY(Asocjacyjna)_PRODUKTY_FK">
<createdBy>Sony_PC</createdBy>
<createdTime>2022-11-16 14:56:40 UTC</createdTime>
<generatorID>49B5979E-A176-CDC9-AC80-B72B30EEA0A3</generatorID>
<ownerDesignName>schemat_log_rel_piekarnia</ownerDesignName>
<indexState>Foreign Key</indexState>
<isSurrogateKey>false</isSurrogateKey>
<indexColumnUsage>
<colUsage columnID="02D36419-27D7-FB5F-9EFE-6D4558A19333"/>
</indexColumnUsage>
</ind_PK_UK>
</indexes>
</Table>