<?xml version = '1.0' encoding = 'UTF-8'?>
<Table class="oracle.dbtools.crest.model.design.relational.Table" directorySegmentName="seg_0" id="F4D81405-7905-9170-FD01-DF49EBE37368" name="PRODUKTY">
<createdBy>Sony_PC</createdBy>
<createdTime>2022-11-16 14:56:40 UTC</createdTime>
<generatorID>DAF0D18D-EE2A-9EE2-C33C-77B9BC4C8FF2</generatorID>
<ownerDesignName>schemat_log_rel_piekarnia</ownerDesignName>
<abbreviation>PRODUKTY</abbreviation>
<allowColumnReorder>false</allowColumnReorder>
<existDependencyGenerateInDDl>true</existDependencyGenerateInDDl>
<parsed>true</parsed>
<columns itemClass="oracle.dbtools.crest.model.design.relational.Column">
<Column name="Id_Produkty" id="10C0FCE3-2B6C-D108-85E4-08C998F24316">
<createdBy>Sony_PC</createdBy>
<createdTime>2022-11-16 14:56:40 UTC</createdTime>
<generatorID>3EA2D1B5-EB56-635E-E2AC-2A7C3D24BC96</generatorID>
<ownerDesignName>schemat_log_rel_piekarnia</ownerDesignName>
<use>0</use>
<logicalDatatype>LOGDT011</logicalDatatype>
<domain>EF15C2BF-2143-F46B-FA23-6A19082C0DD9</domain>
<ownDataTypeParameters>,,</ownDataTypeParameters>
<autoIncrementCycle>false</autoIncrementCycle>
</Column>
<Column name="nazwa" id="D9A0C037-A3B0-6B98-0F0C-7A3ED2529D9A">
<createdBy>Sony_PC</createdBy>
<createdTime>2022-11-16 14:56:40 UTC</createdTime>
<generatorID>543D3291-8970-3DA0-8C0A-2F4AA2D339DE</generatorID>
<ownerDesignName>schemat_log_rel_piekarnia</ownerDesignName>
<use>0</use>
<logicalDatatype>LOGDT024</logicalDatatype>
<domain>5CE106E2-C6FA-2BED-D4B5-F212B0C62584</domain>
<ownDataTypeParameters>,,</ownDataTypeParameters>
<autoIncrementCycle>false</autoIncrementCycle>
</Column>
<Column name="cena" id="2CEEFCA6-6EF8-BBA3-5013-21488997CF19">
<createdBy>Sony_PC</createdBy>
<createdTime>2022-11-16 14:56:40 UTC</createdTime>
<generatorID>F900DEFF-F84E-DF2D-4415-EA10FDBAAAA5</generatorID>
<ownerDesignName>schemat_log_rel_piekarnia</ownerDesignName>
<use>0</use>
<logicalDatatype>LOGDT011</logicalDatatype>
<domain>F6A85D87-8E3A-A5BD-2D98-64E9B619D9B6</domain>
<ownDataTypeParameters>,,</ownDataTypeParameters>
<autoIncrementCycle>false</autoIncrementCycle>
</Column>
<Column name="status" id="877E3185-1DAB-419A-1D38-1642C26CDACC">
<createdBy>Sony_PC</createdBy>
<createdTime>2022-11-16 14:56:40 UTC</createdTime>
<generatorID>2EDA1075-9130-6F4C-EB96-B1D58832D1FB</generatorID>
<ownerDesignName>schemat_log_rel_piekarnia</ownerDesignName>
<use>0</use>
<logicalDatatype>LOGDT024</logicalDatatype>
<domain>5CE106E2-C6FA-2BED-D4B5-F212B0C62584</domain>
<ownDataTypeParameters>,,</ownDataTypeParameters>
<autoIncrementCycle>false</autoIncrementCycle>
</Column>
</columns>
<indexes itemClass="oracle.dbtools.crest.model.design.relational.Index">
<ind_PK_UK id="6D591FB7-561E-5506-0982-33853C6BA3E3" name="PRODUKTY_PK">
<createdBy>Sony_PC</createdBy>
<createdTime>2022-11-16 14:56:40 UTC</createdTime>
<generatorID>9129A021-4DCD-3FBA-5D7C-BABC1F74180B</generatorID>
<ownerDesignName>schemat_log_rel_piekarnia</ownerDesignName>
<pk>true</pk>
<indexState>Primary Constraint</indexState>
<isSurrogateKey>false</isSurrogateKey>
<indexColumnUsage>
<colUsage columnID="10C0FCE3-2B6C-D108-85E4-08C998F24316"/>
</indexColumnUsage>
</ind_PK_UK>
</indexes>
</Table>