<?xml version = '1.0' encoding = 'UTF-8'?>
<Table class="oracle.dbtools.crest.model.design.relational.Table" directorySegmentName="seg_0" id="FBA8F41A-747A-F895-DDF7-10884E29E9A6" name="ROLA">
<createdBy>Sony_PC</createdBy>
<createdTime>2022-11-16 14:56:40 UTC</createdTime>
<generatorID>CA5934EA-507F-894B-5B18-DDA4B1FC5979</generatorID>
<ownerDesignName>schemat_log_rel_piekarnia</ownerDesignName>
<abbreviation>ROLA</abbreviation>
<allowColumnReorder>false</allowColumnReorder>
<existDependencyGenerateInDDl>true</existDependencyGenerateInDDl>
<parsed>true</parsed>
<columns itemClass="oracle.dbtools.crest.model.design.relational.Column">
<Column name="Id_Rola" id="06F1E982-7C28-B822-70E3-0F11032EFAAC">
<createdBy>Sony_PC</createdBy>
<createdTime>2022-11-16 14:56:40 UTC</createdTime>
<generatorID>78E919F1-3788-D570-5B5D-E1D1811C86B6</generatorID>
<ownerDesignName>schemat_log_rel_piekarnia</ownerDesignName>
<use>0</use>
<logicalDatatype>LOGDT011</logicalDatatype>
<domain>EF15C2BF-2143-F46B-FA23-6A19082C0DD9</domain>
<ownDataTypeParameters>,,</ownDataTypeParameters>
<autoIncrementCycle>false</autoIncrementCycle>
</Column>
<Column name="nazwa" id="D57F310C-9A63-86F8-48B6-6A616DEAF345">
<createdBy>Sony_PC</createdBy>
<createdTime>2022-11-16 14:56:40 UTC</createdTime>
<generatorID>C257ACEE-126A-CDA3-5E9E-8FFAAE1FF305</generatorID>
<ownerDesignName>schemat_log_rel_piekarnia</ownerDesignName>
<use>0</use>
<logicalDatatype>LOGDT024</logicalDatatype>
<domain>5CE106E2-C6FA-2BED-D4B5-F212B0C62584</domain>
<ownDataTypeParameters>,,</ownDataTypeParameters>
<autoIncrementCycle>false</autoIncrementCycle>
</Column>
</columns>
<indexes itemClass="oracle.dbtools.crest.model.design.relational.Index">
<ind_PK_UK id="824F459E-369E-58CF-08AB-7CB94B7510DE" name="ROLA_PK">
<createdBy>Sony_PC</createdBy>
<createdTime>2022-11-16 14:56:40 UTC</createdTime>
<generatorID>E571857C-44A1-6154-D4B3-BEDDA9BE1614</generatorID>
<ownerDesignName>schemat_log_rel_piekarnia</ownerDesignName>
<pk>true</pk>
<indexState>Primary Constraint</indexState>
<isSurrogateKey>false</isSurrogateKey>
<indexColumnUsage>
<colUsage columnID="06F1E982-7C28-B822-70E3-0F11032EFAAC"/>
</indexColumnUsage>
</ind_PK_UK>
</indexes>
</Table>