<?xml version = '1.0' encoding = 'UTF-8'?>
<Table class="oracle.dbtools.crest.model.design.relational.Table" directorySegmentName="seg_0" id="FD6423F2-573F-84D1-CD96-252C2E8BA43B" name="OSOBA">
<createdBy>Sony_PC</createdBy>
<createdTime>2022-11-16 14:56:40 UTC</createdTime>
<generatorID>8B01609C-5776-10D0-D0A9-673EEB879852</generatorID>
<ownerDesignName>schemat_log_rel_piekarnia</ownerDesignName>
<abbreviation>OSOBA</abbreviation>
<allowColumnReorder>false</allowColumnReorder>
<existDependencyGenerateInDDl>true</existDependencyGenerateInDDl>
<parsed>true</parsed>
<columns itemClass="oracle.dbtools.crest.model.design.relational.Column">
<Column name="Id_Osoba" id="7E5A62D6-C0FB-CD54-9113-F6DF53A61195">
<createdBy>Sony_PC</createdBy>
<createdTime>2022-11-16 14:56:40 UTC</createdTime>
<generatorID>110BD832-984F-9313-1BDD-53BFAE597B20</generatorID>
<ownerDesignName>schemat_log_rel_piekarnia</ownerDesignName>
<use>0</use>
<logicalDatatype>LOGDT011</logicalDatatype>
<domain>EF15C2BF-2143-F46B-FA23-6A19082C0DD9</domain>
<ownDataTypeParameters>,,</ownDataTypeParameters>
<autoIncrementCycle>false</autoIncrementCycle>
</Column>
<Column name="imie" id="BD6840DC-2D76-2F38-525F-27AA1EE936A7">
<createdBy>Sony_PC</createdBy>
<createdTime>2022-11-16 14:56:40 UTC</createdTime>
<generatorID>911EC5FA-CDE2-1B00-A6B0-8550033A6C50</generatorID>
<ownerDesignName>schemat_log_rel_piekarnia</ownerDesignName>
<use>0</use>
<logicalDatatype>LOGDT024</logicalDatatype>
<domain>5D499DF4-71EC-A13F-F48B-5D4BEB66C3E2</domain>
<ownDataTypeParameters>,,</ownDataTypeParameters>
<autoIncrementCycle>false</autoIncrementCycle>
</Column>
<Column name="nazwisko" id="40397678-65ED-4489-76B2-2116AA5758CB">
<createdBy>Sony_PC</createdBy>
<createdTime>2022-11-16 14:56:40 UTC</createdTime>
<generatorID>D6E78C7E-106C-F578-8C2D-69080DAA9A84</generatorID>
<ownerDesignName>schemat_log_rel_piekarnia</ownerDesignName>
<use>0</use>
<logicalDatatype>LOGDT024</logicalDatatype>
<domain>C13B0C00-980E-C7EB-1B71-39047F22860C</domain>
<ownDataTypeParameters>,,</ownDataTypeParameters>
<autoIncrementCycle>false</autoIncrementCycle>
</Column>
<Column name="login" id="74D32137-5935-DD0F-FAB6-76A7A5746998">
<createdBy>Sony_PC</createdBy>
<createdTime>2022-11-16 14:56:40 UTC</createdTime>
<generatorID>AE8D7ECF-D08D-0BB5-8C28-CB51759FB6B8</generatorID>
<ownerDesignName>schemat_log_rel_piekarnia</ownerDesignName>
<use>0</use>
<logicalDatatype>LOGDT011</logicalDatatype>
<domain>F6A85D87-8E3A-A5BD-2D98-64E9B619D9B6</domain>
<ownDataTypeParameters>,,</ownDataTypeParameters>
<autoIncrementCycle>false</autoIncrementCycle>
</Column>
<Column name="hasło" id="A7132AE3-70FC-4480-CBA7-E7791F0B5612">
<createdBy>Sony_PC</createdBy>
<createdTime>2022-11-16 14:56:40 UTC</createdTime>
<generatorID>0C8346EF-9D16-2B92-66D0-F1695D4A9DBB</generatorID>
<ownerDesignName>schemat_log_rel_piekarnia</ownerDesignName>
<use>0</use>
<logicalDatatype>LOGDT024</logicalDatatype>
<domain>5CE106E2-C6FA-2BED-D4B5-F212B0C62584</domain>
<ownDataTypeParameters>,,</ownDataTypeParameters>
<autoIncrementCycle>false</autoIncrementCycle>
</Column>
<Column name="ROLA_Id_Rola" id="0A50121C-BAD9-7A25-D68E-B7D493D467D5">
<createdBy>Sony_PC</createdBy>
<createdTime>2022-11-16 14:56:40 UTC</createdTime>
<generatorID>B6D7EDC4-0AD8-3F5A-7BE2-7AD464DACCDB</generatorID>
<ownerDesignName>schemat_log_rel_piekarnia</ownerDesignName>
<use>0</use>
<logicalDatatype>LOGDT011</logicalDatatype>
<domain>EF15C2BF-2143-F46B-FA23-6A19082C0DD9</domain>
<ownDataTypeParameters>,,</ownDataTypeParameters>
<previousColumn>false</previousColumn>
<autoIncrementCycle>false</autoIncrementCycle>
<associations>
<colAssociation fkAssociation="F0AA9AB1-C632-E711-B611-0A6E64843C40" referredColumn="06F1E982-7C28-B822-70E3-0F11032EFAAC"/>
</associations>
</Column>
</columns>
<indexes itemClass="oracle.dbtools.crest.model.design.relational.Index">
<ind_PK_UK id="037747C7-A1EE-3F7B-9B14-900C6B71F142" name="OSOBA_PK">
<createdBy>Sony_PC</createdBy>
<createdTime>2022-11-16 14:56:40 UTC</createdTime>
<generatorID>D163020C-2B76-704E-94BD-5E177EF174D9</generatorID>
<ownerDesignName>schemat_log_rel_piekarnia</ownerDesignName>
<pk>true</pk>
<indexState>Primary Constraint</indexState>
<isSurrogateKey>false</isSurrogateKey>
<indexColumnUsage>
<colUsage columnID="7E5A62D6-C0FB-CD54-9113-F6DF53A61195"/>
</indexColumnUsage>
</ind_PK_UK>
<ind_PK_UK id="339B8785-A388-8C37-5D7E-301EA31F739E" name="OSOBA_ROLA_FK">
<createdBy>Sony_PC</createdBy>
<createdTime>2022-11-16 14:56:40 UTC</createdTime>
<generatorID>D163D08A-BA27-607E-3E77-C7A707A0C4E7</generatorID>
<ownerDesignName>schemat_log_rel_piekarnia</ownerDesignName>
<indexState>Foreign Key</indexState>
<isSurrogateKey>false</isSurrogateKey>
<indexColumnUsage>
<colUsage columnID="0A50121C-BAD9-7A25-D68E-B7D493D467D5"/>
</indexColumnUsage>
</ind_PK_UK>
</indexes>
</Table>