<?xml version = '1.0' encoding = 'UTF-8'?>
<Entity class="oracle.dbtools.crest.model.design.logical.Entity" directorySegmentName="seg_0" id="8B01609C-5776-10D0-D0A9-673EEB879852" name="OSOBA">
<createdBy>Sony_PC</createdBy>
<createdTime>2022-11-16 14:49:07 UTC</createdTime>
<ownerDesignName>schemat_log_piekarnia</ownerDesignName>
<engineerTo>
<item key="04D67222-AF75-48E3-7E65-E9F0D8AC3249" value="true"/>
</engineerTo>
<adequatelyNormalized>NO</adequatelyNormalized>
<expectedVolumes>0</expectedVolumes>
<fwdEngineeringStrategyName>Single Table</fwdEngineeringStrategyName>
<growthPercent>0</growthPercent>
<growthType>Year</growthType>
<maxVolumes>9999999</maxVolumes>
<minVolumes>0</minVolumes>
<normalForm>Third</normalForm>
<shortName>OSOBA</shortName>
<attributes itemClass="oracle.dbtools.crest.model.design.logical.Attribute">
<Attribute name="Id_Osoba" id="110BD832-984F-9313-1BDD-53BFAE597B20">
<createdBy>Sony_PC</createdBy>
<createdTime>2022-11-16 14:49:19 UTC</createdTime>
<ownerDesignName>schemat_log_piekarnia</ownerDesignName>
<engineerTo>
<item key="04D67222-AF75-48E3-7E65-E9F0D8AC3249" value="true"/>
</engineerTo>
<use>0</use>
<logicalDatatype>LOGDT011</logicalDatatype>
<domain>EF15C2BF-2143-F46B-FA23-6A19082C0DD9</domain>
<ownDataTypeParameters>,,</ownDataTypeParameters>
</Attribute>
<Attribute name="imie" id="911EC5FA-CDE2-1B00-A6B0-8550033A6C50">
<createdBy>Sony_PC</createdBy>
<createdTime>2022-11-16 14:49:28 UTC</createdTime>
<ownerDesignName>schemat_log_piekarnia</ownerDesignName>
<engineerTo>
<item key="04D67222-AF75-48E3-7E65-E9F0D8AC3249" value="true"/>
</engineerTo>
<use>0</use>
<logicalDatatype>LOGDT024</logicalDatatype>
<domain>5D499DF4-71EC-A13F-F48B-5D4BEB66C3E2</domain>
<ownDataTypeParameters>,,</ownDataTypeParameters>
</Attribute>
<Attribute name="nazwisko" id="D6E78C7E-106C-F578-8C2D-69080DAA9A84">
<createdBy>Sony_PC</createdBy>
<createdTime>2022-11-16 14:49:34 UTC</createdTime>
<ownerDesignName>schemat_log_piekarnia</ownerDesignName>
<engineerTo>
<item key="04D67222-AF75-48E3-7E65-E9F0D8AC3249" value="true"/>
</engineerTo>
<use>0</use>
<logicalDatatype>LOGDT024</logicalDatatype>
<domain>C13B0C00-980E-C7EB-1B71-39047F22860C</domain>
<ownDataTypeParameters>,,</ownDataTypeParameters>
</Attribute>
<Attribute name="login" id="AE8D7ECF-D08D-0BB5-8C28-CB51759FB6B8">
<createdBy>Sony_PC</createdBy>
<createdTime>2022-11-16 14:49:43 UTC</createdTime>
<ownerDesignName>schemat_log_piekarnia</ownerDesignName>
<engineerTo>
<item key="04D67222-AF75-48E3-7E65-E9F0D8AC3249" value="true"/>
</engineerTo>
<use>0</use>
<logicalDatatype>LOGDT011</logicalDatatype>
<domain>F6A85D87-8E3A-A5BD-2D98-64E9B619D9B6</domain>
<ownDataTypeParameters>,,</ownDataTypeParameters>
</Attribute>
<Attribute name="hasło" id="0C8346EF-9D16-2B92-66D0-F1695D4A9DBB">
<createdBy>Sony_PC</createdBy>
<createdTime>2022-11-16 14:50:06 UTC</createdTime>
<ownerDesignName>schemat_log_piekarnia</ownerDesignName>
<engineerTo>
<item key="04D67222-AF75-48E3-7E65-E9F0D8AC3249" value="true"/>
</engineerTo>
<use>0</use>
<logicalDatatype>LOGDT024</logicalDatatype>
<domain>5CE106E2-C6FA-2BED-D4B5-F212B0C62584</domain>
<ownDataTypeParameters>,,</ownDataTypeParameters>
</Attribute>
<Attribute name="Id_Rola" id="8BFA38BB-D7A0-4320-EE46-8CA2A4A07B51">
<createdBy>Sony_PC</createdBy>
<createdTime>2022-11-16 14:58:01 UTC</createdTime>
<generatorID>A41F766A-0D1F-EA82-0BEF-E30FCAFD16B8</generatorID>
<ownerDesignName>schemat_log_piekarnia</ownerDesignName>
<engineerTo>
<item key="04D67222-AF75-48E3-7E65-E9F0D8AC3249" value="true"/>
</engineerTo>
<referedAttribute>78E919F1-3788-D570-5B5D-E1D1811C86B6</referedAttribute>
<use>0</use>
<logicalDatatype>LOGDT011</logicalDatatype>
<domain>EF15C2BF-2143-F46B-FA23-6A19082C0DD9</domain>
<ownDataTypeParameters>,,</ownDataTypeParameters>
</Attribute>
</attributes>
<identifiers itemClass="oracle.dbtools.crest.model.design.logical.CandidateKey">
<identifier id="D163020C-2B76-704E-94BD-5E177EF174D9" name="OSOBA PK">
<createdBy>Sony_PC</createdBy>
<createdTime>2022-11-16 14:49:26 UTC</createdTime>
<ownerDesignName>schemat_log_piekarnia</ownerDesignName>
<engineerTo>
<item key="04D67222-AF75-48E3-7E65-E9F0D8AC3249" value="true"/>
</engineerTo>
<pk>true</pk>
<usedAttributes>
<attributeRef>110BD832-984F-9313-1BDD-53BFAE597B20</attributeRef>
</usedAttributes>
</identifier>
</identifiers>
</Entity>