<?xml version = '1.0' encoding = 'UTF-8'?>
<Entity class="oracle.dbtools.crest.model.design.logical.Entity" directorySegmentName="seg_0" id="C410CD8E-6D43-AD8E-3570-49EA5D784CD6" name="ZAMÓWIENIE_PRODUKTY(Asocjacyjna)">
<createdBy>Sony_PC</createdBy>
<createdTime>2022-11-16 14:52:01 UTC</createdTime>
<ownerDesignName>schemat_log_piekarnia</ownerDesignName>
<engineerTo>
<item key="04D67222-AF75-48E3-7E65-E9F0D8AC3249" value="true"/>
</engineerTo>
<adequatelyNormalized>NO</adequatelyNormalized>
<expectedVolumes>0</expectedVolumes>
<fwdEngineeringStrategyName>Single Table</fwdEngineeringStrategyName>
<growthPercent>0</growthPercent>
<growthType>Year</growthType>
<maxVolumes>9999999</maxVolumes>
<minVolumes>0</minVolumes>
<normalForm>Third</normalForm>
<shortName>ZAMÓWIENIE_PRODUKTY(Asocjacyjna)</shortName>
<attributes itemClass="oracle.dbtools.crest.model.design.logical.Attribute">
<Attribute name="ilość" id="7C6B24E5-70CD-E12E-4C7E-7CA2AC10EB96">
<createdBy>Sony_PC</createdBy>
<createdTime>2022-11-16 14:52:26 UTC</createdTime>
<ownerDesignName>schemat_log_piekarnia</ownerDesignName>
<engineerTo>
<item key="04D67222-AF75-48E3-7E65-E9F0D8AC3249" value="true"/>
</engineerTo>
<use>0</use>
<logicalDatatype>LOGDT011</logicalDatatype>
<domain>F6A85D87-8E3A-A5BD-2D98-64E9B619D9B6</domain>
<ownDataTypeParameters>,,</ownDataTypeParameters>
</Attribute>
<Attribute name="Id_Zamówinie" id="90B2F522-5D56-B75E-25AA-0109A4386EC8">
<createdBy>Sony_PC</createdBy>
<createdTime>2022-11-16 14:58:22 UTC</createdTime>
<generatorID>0AB41957-CFA3-F9EC-959B-188A601384D9</generatorID>
<ownerDesignName>schemat_log_piekarnia</ownerDesignName>
<engineerTo>
<item key="04D67222-AF75-48E3-7E65-E9F0D8AC3249" value="true"/>
</engineerTo>
<referedAttribute>C20D7620-FC9D-6388-1137-1B87FE586721</referedAttribute>
<use>0</use>
<logicalDatatype>LOGDT011</logicalDatatype>
<domain>EF15C2BF-2143-F46B-FA23-6A19082C0DD9</domain>
<ownDataTypeParameters>,,</ownDataTypeParameters>
</Attribute>
<Attribute name="Id_Produkty" id="6B45203F-98D0-B59C-BA7D-0336DD4F4405">
<createdBy>Sony_PC</createdBy>
<createdTime>2022-11-16 14:58:28 UTC</createdTime>
<generatorID>C55C8651-E4E1-E1E4-04E5-8F09CA8AC345</generatorID>
<ownerDesignName>schemat_log_piekarnia</ownerDesignName>
<engineerTo>
<item key="04D67222-AF75-48E3-7E65-E9F0D8AC3249" value="true"/>
</engineerTo>
<referedAttribute>3EA2D1B5-EB56-635E-E2AC-2A7C3D24BC96</referedAttribute>
<use>0</use>
<logicalDatatype>LOGDT011</logicalDatatype>
<domain>EF15C2BF-2143-F46B-FA23-6A19082C0DD9</domain>
<ownDataTypeParameters>,,</ownDataTypeParameters>
</Attribute>
</attributes>
</Entity>