<?xml version = '1.0' encoding = 'UTF-8'?>
<Entity class="oracle.dbtools.crest.model.design.logical.Entity" directorySegmentName="seg_0" id="CA5934EA-507F-894B-5B18-DDA4B1FC5979" name="ROLA">
<createdBy>Sony_PC</createdBy>
<createdTime>2022-11-16 14:48:20 UTC</createdTime>
<ownerDesignName>schemat_log_piekarnia</ownerDesignName>
<engineerTo>
<item key="04D67222-AF75-48E3-7E65-E9F0D8AC3249" value="true"/>
</engineerTo>
<adequatelyNormalized>NO</adequatelyNormalized>
<expectedVolumes>0</expectedVolumes>
<fwdEngineeringStrategyName>Single Table</fwdEngineeringStrategyName>
<growthPercent>0</growthPercent>
<growthType>Year</growthType>
<maxVolumes>9999999</maxVolumes>
<minVolumes>0</minVolumes>
<normalForm>Third</normalForm>
<shortName>ROLA</shortName>
<attributes itemClass="oracle.dbtools.crest.model.design.logical.Attribute">
<Attribute name="Id_Rola" id="78E919F1-3788-D570-5B5D-E1D1811C86B6">
<createdBy>Sony_PC</createdBy>
<createdTime>2022-11-16 14:48:28 UTC</createdTime>
<ownerDesignName>schemat_log_piekarnia</ownerDesignName>
<engineerTo>
<item key="04D67222-AF75-48E3-7E65-E9F0D8AC3249" value="true"/>
</engineerTo>
<use>0</use>
<logicalDatatype>LOGDT011</logicalDatatype>
<domain>EF15C2BF-2143-F46B-FA23-6A19082C0DD9</domain>
<ownDataTypeParameters>,,</ownDataTypeParameters>
</Attribute>
<Attribute name="nazwa" id="C257ACEE-126A-CDA3-5E9E-8FFAAE1FF305">
<createdBy>Sony_PC</createdBy>
<createdTime>2022-11-16 14:48:36 UTC</createdTime>
<ownerDesignName>schemat_log_piekarnia</ownerDesignName>
<engineerTo>
<item key="04D67222-AF75-48E3-7E65-E9F0D8AC3249" value="true"/>
</engineerTo>
<use>0</use>
<logicalDatatype>LOGDT024</logicalDatatype>
<domain>5CE106E2-C6FA-2BED-D4B5-F212B0C62584</domain>
<ownDataTypeParameters>,,</ownDataTypeParameters>
</Attribute>
</attributes>
<identifiers itemClass="oracle.dbtools.crest.model.design.logical.CandidateKey">
<identifier id="E571857C-44A1-6154-D4B3-BEDDA9BE1614" name="ROLA PK">
<createdBy>Sony_PC</createdBy>
<createdTime>2022-11-16 14:48:35 UTC</createdTime>
<ownerDesignName>schemat_log_piekarnia</ownerDesignName>
<engineerTo>
<item key="04D67222-AF75-48E3-7E65-E9F0D8AC3249" value="true"/>
</engineerTo>
<pk>true</pk>
<usedAttributes>
<attributeRef>78E919F1-3788-D570-5B5D-E1D1811C86B6</attributeRef>
</usedAttributes>
</identifier>
</identifiers>
</Entity>