<?xml version = '1.0' encoding = 'UTF-8'?>
<Diagram class="oracle.dbtools.crest.swingui.logical.DPVLogical" name="Logical" id="77E216AC-C739-12B8-D1B0-C350F9175F90">
<createdBy>Sony_PC</createdBy>
<modifiedBy>Sony_PC</modifiedBy>
<createdTime>2022-11-16 14:48:20 UTC</createdTime>
<autoRoute>false</autoRoute>
<boxInbox>true</boxInbox>
<showLegend>false</showLegend>
<showLabels>false</showLabels>
<showRelAttributes>false</showRelAttributes>
<gridEnabled>false</gridEnabled>
<showGrid>false</showGrid>
<diagramColor>-1</diagramColor>
<display>false</display>
<notation>1</notation>
<objectViews>
<OView class="oracle.dbtools.crest.swingui.logical.TVEntity" oid="44F6BE32-C97C-545F-A94A-2B28D0128724" otype="Entity" vid="7A94B7C8-5122-7F9C-1764-858944C0A593">
<hideElementsInCurrentOnly>false</hideElementsInCurrentOnly>
<bounds x="324" y="277" width="221" height="92"/>
</OView>
<OView class="oracle.dbtools.crest.swingui.logical.TVEntity" oid="8B01609C-5776-10D0-D0A9-673EEB879852" otype="Entity" vid="CBB5F900-5222-057E-3B6B-2372FD29FCBA">
<hideElementsInCurrentOnly>false</hideElementsInCurrentOnly>
<bounds x="366" y="74" width="141" height="104"/>
</OView>
<OView class="oracle.dbtools.crest.swingui.logical.TVEntity" oid="C410CD8E-6D43-AD8E-3570-49EA5D784CD6" otype="Entity" vid="39E9A35A-51EC-D746-A46A-8C24D0111787">
<hideElementsInCurrentOnly>false</hideElementsInCurrentOnly>
<bounds x="673" y="276" width="239" height="94"/>
</OView>
<OView class="oracle.dbtools.crest.swingui.logical.TVEntity" oid="CA5934EA-507F-894B-5B18-DDA4B1FC5979" otype="Entity" vid="29E6B541-1FB3-99DE-23A5-1B8ED544DA5C">
<hideElementsInCurrentOnly>false</hideElementsInCurrentOnly>
<bounds x="89" y="87" width="166" height="88"/>
</OView>
<OView class="oracle.dbtools.crest.swingui.logical.TVEntity" oid="DAF0D18D-EE2A-9EE2-C33C-77B9BC4C8FF2" otype="Entity" vid="5BFA807F-4CEB-7FFC-EEC0-FEE40AAA6D1D">
<hideElementsInCurrentOnly>false</hideElementsInCurrentOnly>
<bounds x="1019" y="268" width="202" height="102"/>
</OView>
</objectViews>
<connectors>
<Connector class="oracle.dbtools.crest.swingui.logical.TVRelation" oid="0AB41957-CFA3-F9EC-959B-188A601384D9" otype="Relation" vid_source="7A94B7C8-5122-7F9C-1764-858944C0A593" vid_target="39E9A35A-51EC-D746-A46A-8C24D0111787">
<hideElementsInCurrentOnly>false</hideElementsInCurrentOnly>
<backgroundColor>-16777216</backgroundColor>
<lineWidth>1</lineWidth>
<points>
<point x="545" y="321"/>
<point x="673" y="323"/>
</points>
</Connector>
<Connector class="oracle.dbtools.crest.swingui.logical.TVRelation" oid="A41F766A-0D1F-EA82-0BEF-E30FCAFD16B8" otype="Relation" vid_source="29E6B541-1FB3-99DE-23A5-1B8ED544DA5C" vid_target="CBB5F900-5222-057E-3B6B-2372FD29FCBA">
<hideElementsInCurrentOnly>false</hideElementsInCurrentOnly>
<backgroundColor>-16777216</backgroundColor>
<lineWidth>1</lineWidth>
<points>
<point x="255" y="131"/>
<point x="366" y="131"/>
</points>
</Connector>
<Connector class="oracle.dbtools.crest.swingui.logical.TVRelation" oid="C55C8651-E4E1-E1E4-04E5-8F09CA8AC345" otype="Relation" vid_source="5BFA807F-4CEB-7FFC-EEC0-FEE40AAA6D1D" vid_target="39E9A35A-51EC-D746-A46A-8C24D0111787">
<hideElementsInCurrentOnly>false</hideElementsInCurrentOnly>
<backgroundColor>-16777216</backgroundColor>
<lineWidth>1</lineWidth>
<points>
<point x="1019" y="323"/>
<point x="912" y="323"/>
</points>
</Connector>
<Connector class="oracle.dbtools.crest.swingui.logical.TVRelation" oid="DB566203-335E-0E7F-5946-5456E29E9AEB" otype="Relation" vid_source="CBB5F900-5222-057E-3B6B-2372FD29FCBA" vid_target="7A94B7C8-5122-7F9C-1764-858944C0A593">
<hideElementsInCurrentOnly>false</hideElementsInCurrentOnly>
<backgroundColor>-16777216</backgroundColor>
<lineWidth>1</lineWidth>
<points>
<point x="436" y="178"/>
<point x="436" y="277"/>
</points>
</Connector>
</connectors>
</Diagram>