<?xml version = '1.0' encoding = 'UTF-8'?>
<Entity class="oracle.dbtools.crest.model.design.logical.Entity" directorySegmentName="seg_0" id="44F6BE32-C97C-545F-A94A-2B28D0128724" name="ZAMÓWIENIE">
<createdBy>Sony_PC</createdBy>
<createdTime>2022-11-16 14:50:29 UTC</createdTime>
<ownerDesignName>schemat_log_rel_piekarnia</ownerDesignName>
<engineerTo>
<item key="04D67222-AF75-48E3-7E65-E9F0D8AC3249" value="true"/>
</engineerTo>
<adequatelyNormalized>NO</adequatelyNormalized>
<expectedVolumes>0</expectedVolumes>
<fwdEngineeringStrategyName>Single Table</fwdEngineeringStrategyName>
<growthPercent>0</growthPercent>
<growthType>Year</growthType>
<maxVolumes>9999999</maxVolumes>
<minVolumes>0</minVolumes>
<normalForm>Third</normalForm>
<shortName>ZAMÓWIENIE</shortName>
<attributes itemClass="oracle.dbtools.crest.model.design.logical.Attribute">
<Attribute name="Id_Zamówinie" id="C20D7620-FC9D-6388-1137-1B87FE586721">
<createdBy>Sony_PC</createdBy>
<createdTime>2022-11-16 14:50:50 UTC</createdTime>
<ownerDesignName>schemat_log_rel_piekarnia</ownerDesignName>
<engineerTo>
<item key="04D67222-AF75-48E3-7E65-E9F0D8AC3249" value="true"/>
</engineerTo>
<use>0</use>
<logicalDatatype>LOGDT011</logicalDatatype>
<domain>EF15C2BF-2143-F46B-FA23-6A19082C0DD9</domain>
<ownDataTypeParameters>,,</ownDataTypeParameters>
</Attribute>
<Attribute name="data_zamówienia" id="62C0C190-8101-E8F4-91BD-80E08662F4B5">
<createdBy>Sony_PC</createdBy>
<createdTime>2022-11-16 14:51:09 UTC</createdTime>
<ownerDesignName>schemat_log_rel_piekarnia</ownerDesignName>
<engineerTo>
<item key="04D67222-AF75-48E3-7E65-E9F0D8AC3249" value="true"/>
</engineerTo>
<use>0</use>
<logicalDatatype>LOGDT011</logicalDatatype>
<domain>623F93B9-E92E-0B48-C121-B836AF4102C2</domain>
<ownDataTypeParameters>,,</ownDataTypeParameters>
</Attribute>
<Attribute name="kwota_podsumowanie" id="3D0CD15F-0193-92E7-7D23-9287DB5851AA">
<createdBy>Sony_PC</createdBy>
<createdTime>2022-11-16 14:51:30 UTC</createdTime>
<ownerDesignName>schemat_log_rel_piekarnia</ownerDesignName>
<engineerTo>
<item key="04D67222-AF75-48E3-7E65-E9F0D8AC3249" value="true"/>
</engineerTo>
<use>0</use>
<logicalDatatype>LOGDT011</logicalDatatype>
<domain>F6A85D87-8E3A-A5BD-2D98-64E9B619D9B6</domain>
<ownDataTypeParameters>,,</ownDataTypeParameters>
</Attribute>
<Attribute name="Id_Osoba" id="938AC9F7-7F47-3A4A-AFF9-4A3A4C84AA49">
<createdBy>Sony_PC</createdBy>
<createdTime>2022-11-16 14:56:19 UTC</createdTime>
<generatorID>13EC08F7-C179-48F3-787D-479F95D138AF</generatorID>
<ownerDesignName>schemat_log_rel_piekarnia</ownerDesignName>
<engineerTo>
<item key="04D67222-AF75-48E3-7E65-E9F0D8AC3249" value="true"/>
</engineerTo>
<referedAttribute>110BD832-984F-9313-1BDD-53BFAE597B20</referedAttribute>
<use>0</use>
<logicalDatatype>LOGDT011</logicalDatatype>
<domain>EF15C2BF-2143-F46B-FA23-6A19082C0DD9</domain>
<ownDataTypeParameters>,,</ownDataTypeParameters>
</Attribute>
</attributes>
<identifiers itemClass="oracle.dbtools.crest.model.design.logical.CandidateKey">
<identifier id="4AD441D1-0B34-F01E-EC29-E0B42826C9AD" name="ZAMÓWIENIE PK">
<createdBy>Sony_PC</createdBy>
<createdTime>2022-11-16 14:51:07 UTC</createdTime>
<ownerDesignName>schemat_log_rel_piekarnia</ownerDesignName>
<engineerTo>
<item key="04D67222-AF75-48E3-7E65-E9F0D8AC3249" value="true"/>
</engineerTo>
<pk>true</pk>
<usedAttributes>
<attributeRef>C20D7620-FC9D-6388-1137-1B87FE586721</attributeRef>
</usedAttributes>
</identifier>
</identifiers>
</Entity>