<?xml version = '1.0' encoding = 'UTF-8'?>
<Entity class="oracle.dbtools.crest.model.design.logical.Entity" directorySegmentName="seg_0" id="C410CD8E-6D43-AD8E-3570-49EA5D784CD6" name="ZAMÓWIENIE_PRODUKTY(Asocjacyjna)">
<createdBy>Sony_PC</createdBy>
<createdTime>2022-11-16 14:52:01 UTC</createdTime>
<ownerDesignName>schemat_log_rel_piekarnia</ownerDesignName>
<engineerTo>
<item key="04D67222-AF75-48E3-7E65-E9F0D8AC3249" value="true"/>
</engineerTo>
<adequatelyNormalized>NO</adequatelyNormalized>
<expectedVolumes>0</expectedVolumes>
<fwdEngineeringStrategyName>Single Table</fwdEngineeringStrategyName>
<growthPercent>0</growthPercent>
<growthType>Year</growthType>
<maxVolumes>9999999</maxVolumes>
<minVolumes>0</minVolumes>
<normalForm>Third</normalForm>
<shortName>ZAMÓWIENIE_PRODUKTY(Asocjacyjna)</shortName>
<attributes itemClass="oracle.dbtools.crest.model.design.logical.Attribute">
<Attribute name="ilość" id="7C6B24E5-70CD-E12E-4C7E-7CA2AC10EB96">
<createdBy>Sony_PC</createdBy>
<createdTime>2022-11-16 14:52:26 UTC</createdTime>
<ownerDesignName>schemat_log_rel_piekarnia</ownerDesignName>
<engineerTo>
<item key="04D67222-AF75-48E3-7E65-E9F0D8AC3249" value="true"/>
</engineerTo>
<use>0</use>
<logicalDatatype>LOGDT011</logicalDatatype>
<domain>F6A85D87-8E3A-A5BD-2D98-64E9B619D9B6</domain>
<ownDataTypeParameters>,,</ownDataTypeParameters>
</Attribute>
<Attribute name="Id_Zamówinie" id="F59EB063-1B59-7FE2-AE7B-C8071608DD6F">
<createdBy>Sony_PC</createdBy>
<createdTime>2022-11-16 14:56:28 UTC</createdTime>
<generatorID>1A748526-40A4-27AC-82C7-BBCF18AF1A8B</generatorID>
<ownerDesignName>schemat_log_rel_piekarnia</ownerDesignName>
<engineerTo>
<item key="04D67222-AF75-48E3-7E65-E9F0D8AC3249" value="true"/>
</engineerTo>
<referedAttribute>C20D7620-FC9D-6388-1137-1B87FE586721</referedAttribute>
<use>0</use>
<logicalDatatype>LOGDT011</logicalDatatype>
<domain>EF15C2BF-2143-F46B-FA23-6A19082C0DD9</domain>
<ownDataTypeParameters>,,</ownDataTypeParameters>
</Attribute>
<Attribute name="Id_Produkty" id="85B6B580-72E8-02A5-3166-E10456DACA27">
<createdBy>Sony_PC</createdBy>
<createdTime>2022-11-16 14:56:33 UTC</createdTime>
<generatorID>49B5979E-A176-CDC9-AC80-B72B30EEA0A3</generatorID>
<ownerDesignName>schemat_log_rel_piekarnia</ownerDesignName>
<engineerTo>
<item key="04D67222-AF75-48E3-7E65-E9F0D8AC3249" value="true"/>
</engineerTo>
<referedAttribute>3EA2D1B5-EB56-635E-E2AC-2A7C3D24BC96</referedAttribute>
<use>0</use>
<logicalDatatype>LOGDT011</logicalDatatype>
<domain>EF15C2BF-2143-F46B-FA23-6A19082C0DD9</domain>
<ownDataTypeParameters>,,</ownDataTypeParameters>
</Attribute>
</attributes>
</Entity>