<?xml version = '1.0' encoding = 'UTF-8'?>
<Relation class="oracle.dbtools.crest.model.design.logical.Relation" name="Relation_5" directorySegmentName="seg_0" id="1A748526-40A4-27AC-82C7-BBCF18AF1A8B">
<createdBy>Sony_PC</createdBy>
<createdTime>2022-11-16 14:56:28 UTC</createdTime>
<ownerDesignName>schemat_log_rel_piekarnia</ownerDesignName>
<engineerTo>
<item key="04D67222-AF75-48E3-7E65-E9F0D8AC3249" value="true"/>
</engineerTo>
<sourcePk>4AD441D1-0B34-F01E-EC29-E0B42826C9AD</sourcePk>
<identifying>false</identifying>
<optionalSource>false</optionalSource>
<optionalTarget>false</optionalTarget>
<sourceCardinality>1</sourceCardinality>
<sourceEntity>44F6BE32-C97C-545F-A94A-2B28D0128724</sourceEntity>
<targetCardinalityString>*</targetCardinalityString>
<targetEntity>C410CD8E-6D43-AD8E-3570-49EA5D784CD6</targetEntity>
<transferable>true</transferable>
<deleteRule>NO ACTION</deleteRule>
</Relation>