<?xml version = '1.0' encoding = 'UTF-8'?>
<Relation class="oracle.dbtools.crest.model.design.logical.Relation" name="Relation_6" directorySegmentName="seg_0" id="49B5979E-A176-CDC9-AC80-B72B30EEA0A3">
<createdBy>Sony_PC</createdBy>
<createdTime>2022-11-16 14:56:33 UTC</createdTime>
<ownerDesignName>schemat_log_rel_piekarnia</ownerDesignName>
<engineerTo>
<item key="04D67222-AF75-48E3-7E65-E9F0D8AC3249" value="true"/>
</engineerTo>
<sourcePk>9129A021-4DCD-3FBA-5D7C-BABC1F74180B</sourcePk>
<identifying>false</identifying>
<optionalSource>false</optionalSource>
<optionalTarget>false</optionalTarget>
<sourceCardinality>1</sourceCardinality>
<sourceEntity>DAF0D18D-EE2A-9EE2-C33C-77B9BC4C8FF2</sourceEntity>
<targetCardinalityString>*</targetCardinalityString>
<targetEntity>C410CD8E-6D43-AD8E-3570-49EA5D784CD6</targetEntity>
<transferable>true</transferable>
<deleteRule>NO ACTION</deleteRule>
</Relation>